category,Total_Revenue,Total_Profit,Total_Quantity,Average_Profit_Per_Item
Main,220451.13,99538.31,11925,8.312494929006085
Appetizer,42692.65,19144.58,5012,3.821994437822805
Drink,16362.01,7360.2,4667,1.5703052140737601
Dessert,16356.12,7358.76,2345,3.138344651952462
