server_id,Total_Revenue,Total_Profit,Number_of_Orders,Average_Profit_Per_Order
Alice,118629.6,53350.72,4769,11.186982595932061
Bob,88554.48,39997.24,3572,11.197435610302351
Charlie,59420.14,26913.77,2424,11.103040429042904
Diana,29257.69,13140.12,1205,10.904663900414938
